comment,sentiment
优衣库的服务态度很好哪怕我是来退货也没有表现出不高兴的样子,1
喜欢优衣库的服务态度很尊敬顾客而且总是那么有耐心,1
喜欢退换货的速度很快呀没有一点不满意的那种状态让人很是感到有一点点的感动呀,1
听好的服务员很耐心的帮我找衣服很不好意思试衣间的小姐姐试了好的衣服她也没有表现出烦躁还帮我拿衣服尺码比,1
没有不满意还是可以继续保持,1
系列恤简直不要太好看如果钱包允许希望每个颜色来一件,1
真的很便宜恤什么的才 而且员工也没有因为我买打折的商品对我态度不好什么的 很满意,1
没什么不满意的基本每周都会来逛一两次虽然不是每次都买但是比起其他品牌更喜欢这里的环境,1
今天来优衣库买衣服他们的服务很好衣服的质量也很棒衣服不喜欢还可以退换下次会带朋友一起来,1
试穿五件衣服 买了两件 也没有看见服务员不耐心的样子非常感谢你的耐心,1
是因为新开的来不及更新吗居然没有孕妇装这点很不满意啊,1
我在小孩睡衣觉得那个包装的设计不是很好一不小心就弄掉了散了真的是不好意思,1
今天来买衣服然后店里没有尺码了然后店员给我推荐了相似的试了也不喜欢然后店员就帮我用他们那个啥网上下单快递回家还挺方便的小菇凉也没有不耐心满意的购物体验,1
服务人员提供的服务和应对非常满意没有任何令我不满意的地方我觉得非常的好,1
有个叫孙诗吧好像简直不要太好,1
挺满意的呀对于员工没有什么不满意的加油继续保持呗,1
楼下吃好饭来逛优衣库有好多降价的商品工作人员还是那么有活力那么有耐心,1
好好好好好好好好好好不好哈哈哈很好的一次购物感谢帮我找货的店员,1
员工徐彦召改的裤子我非常满意改完让我看一下是不是满意说不满意可以重新改的这种服务态度真的做到极致很棒希望她能继续保持,1
特别好的一家店从来没有这么开心的购物体验很好很棒,1
在试衣间试衣服的时候工作人员主动帮我拉上帘子还在门口等候问我有没有需要帮助的由于最近怀孕了不太方便很感谢工作人员,1
对服务人员提供的服务特别满意 没有不满意的地方 特别好无可挑剔,1
今天路思兰服务员很好的服务到我给我量裤脚很合适不太好意思后面需要放衣服在外面这个妹妹帮助我一放不小心摔跤很感谢她,1
哇哇哇  超可爱的服务人员呢  怎么会有这么有耐心的人  很舒服顺利的一次购物,1
家里人的衣服都是优衣库的每个月基本都会来优衣库看一看逛一逛挑一挑有没有钟意的衣服都上了那些新货,1
每次来都感觉这家店真的把服务至上当成第一位了,1
唐成丽小姐姐非常的好她温和的回答我的问题没有一点不高兴的,1
没有不满意,1
张才治服务态度很好很完美为什么有这么完美帅气的人,1
优衣库的工作人员服务态度就没见过不好的当然跟日本的员工不一样但是已经比一般的品牌好,1
没有一次不满意的购物次次都满意到毛飞满意到飞起嗨皮到不行也别是饶卉店员服务的简直好到飞起好到上天,1
每次来都不曾失望继续加油希望多开店多生产更加舒适的衣服期待期待,1
都非常满意没什么可以吐槽的员工很积极热情商品性价比很高裤子改得又好又快很好,1
对我来说还行吧  没有什么不愉快  也没什么特别好,1
周末的时候人比较多试衣间很多人但是导购服务态度很好多等一会也没有不开心很满意,1
优衣库的服务一项很仔细在优衣库买商品没有一次失望的,1
我喜欢乐松优衣库呦 喜欢你们的服务态度不要太好啦,1
优衣库每次出的那些联名的恤都好好看每次出来一款新的都能引领潮流每次来汇一城都必须要来优衣库逛一逛这家店的顾客也很多员工也很有耐心每天接待这么多顾客员工都这么有耐心真的很难得,1
带着孩子来到优衣库买东西看上的没有适合他穿的但是服务员推荐了一款衣服孩子很喜欢 不在失望了高兴非常谢谢店铺的杨玉佩,1
不管是哪个门店优衣库的服务我都很满意店员都很有耐心很热心态度很好至今还没见过不太满意的店员非常好,1
穿了很多年你说我不满意会穿所以说 是相当的舒适,1
很好的一次购物体验没有最好只有更好希望优衣库能越来越好,1
包露茜姐姐的服务简直不要太好以后还想来优衣库逛,1
满意  没有啥令人不满意的总之就是还行吧点赞,1
人踩人不过服务人员态度没有因为忙而感到不好,1
有个小姐姐看她工作牌好像叫王丹人美声甜服务周到简直不要太棒,1
很喜欢不喜欢也不会买了一直很满意优衣库的购物环境没人打扰而需要的时候又能马上找到人,1
真的是没有令我失望还是很满意的就凭那个小姑娘很耐心的接待服务给满分,1
没有任何不满意的地方都非常满意还会继续支持优衣库,1
许航鸣的服务让我非常满意我多次让他帮我拿衣服但他并没有态度恶劣一直非常耐心服务很周到夸,1
刚刚上的漫威系列也不要太好看吧太喜欢优衣库了 杨兰服务很好 裤子的尺码有点不会看的他帮我拿了我需要的 满意,1
试衣间的妹子服务态度很好一直笑眯眯的并没有因为试多了不开心,1
不得不表扬一下优衣库的镜子照的人很好看而且一直都很干净,1
服务人员提供的服务和应对非常满意 没有令我不满意的员工短袖非常好穿 以后会常来,1
这家店的工作人员要不要这么可爱呀太开心了超级满意了,1
我真的挺佩服试衣间的小哥小姐姐那么多人还那么有耐心他们家逛街的人好多呀试衣服的人也好多真的每份工作都不容易,1
不会让人有所失望总能选到适合自己的就是商场有点热,1
超级喜欢优衣库的服务简直不能太棒刚进来也没人跟着就看我有疑惑但是又不好意思问的时候有个叫何梦娇的小姐姐笑着跟我打招呼一上来就问我是不是不知道选什么尺码哈哈哈哈被看穿了是个很细心的小姐姐衣服也很棒喜欢,1
为啥只能投票我多夸夸你们不好吗嘻嘻嘻嘻嘻嘻嘻服务好员工好嗯嗯,1
试衣间的小姐姐很有耐心试了很久的衣服都很有耐心我自己都不太好意思麻烦她了比心,1
来买问了员工服务不要太好还给了我最新的宣传册真的很棒优衣库今年的也太好看了吧,1
赞赞赞啊简直不要太棒啊很喜欢很合适价格也美丽,1
优衣库的店员服务态度给一万个赞 简直不要太好了吧,1
特别好根本找不到不满意的地方最满意的就是店员的服务态度,1
每次来汇一城都必须要来优衣库逛一逛这家店的顾客也很多员工也很有耐心每天接待这么多顾客员工都这么有耐心真的很难得,1
梁源服务态度非常好让人感到亲和不会有不好的感觉服务的非常周到很棒,1
专门过来裁裤子的之前买的没有因为不是买单的有任何的不耐心满意,1
非常棒服务态度太好了太完美了不要太棒,1
试衣间小姑娘服务非常好很耐心的帮我看看衣服好不好看下回再来,1
无不满意人员对衣服很不满意掉毛衣服有怪味道到现在还没有去掉,1
很满意收银员服务态度很好退货也没有任何一点的不开心速度很快以后会常来的,1
很满意满意满意满意满意满意没啥不满意,1
优衣库的服务态度是我最满意的店了 没有遇到过不愉快 希望继续保持哦,1
满意的快哭了从没这么满意过,1
一楼试衣间的店员服务态度很好我试了很多衣服还很耐心帮我看我穿得好不好看真是个可爱的小姐姐笑起来好好看,1
沒有色差設計也是很細緻真的從來就沒有讓人失望過很開心買到喜歡的衣服前台服務非常滿意,1
非常满意服务态度也很好不满意的地方没有都挺好,1
衣服简直不要太好啦便宜又好看超级喜欢,1
非常滿意很次的購物 店員很熱情也很熱心挺好的優衣庫的服務不會讓你覺得不自在   店員 彭微微,1
今天逛街咯试了很多衣服感谢拿衣服的龚艳小姐姐⊙⊙服务很好勒这么有耐心很累吧谢谢呢,1
非常值得的一次购物太开心了我妈让说她下次还来没有这么完美的优衣库了哈哈,1
不得不赞这个优衣库店铺不大但是服务员都很热心卖场很热情亲切,1
刚发现防晒衣有一个非常细节的就是她的袖口可以直接穿到手上当半个手套用厉害,1
看上这款宝贝已经很久了终于到手了挑来挑去挑了这家事实证明我的眼光还是很好的哟没有 让我失望做工和质量都很好最主要服务态度还好服务态度真的一级棒,1
非常满意的一次购物服务态度很好没有任何不好的地方员工们都很热情下次还会再来光顾这家店,1
我很感谢工作人员这么有耐心的为我服务让我挑选了很多的异氟烷工作人员田源一直亲力亲为这服务真是太赞了,1
站试衣间的小哥服务态度很好很忙但是还是那么有耐心,1
衣服裤子颜色尺码种类都很齐全优衣库从来都不让顾客们失望,1
郭妮妮特别优秀十分满意就喜欢这个小姐姐提供服务真的不要太好介绍商品很奈斯喜欢喜欢喜欢,1
优衣库打折时淘衣服简直不要太爽了,1
试衣间的耿颐瑄很好 服务态度很好 帮我看衣服好不好看,1
很好啊收银台和在里面的服务原态度不要贼好和海底捞的服务差不多了都优衣库这是要干点其他品牌的节奏啊真的厉害希望继续加油啊,1
对沈娟非常满意 长那么好看还热情服务 买她你买不了吃亏买不了上当,1
今天欧尚真的好多人哦但是店里员工还是很热情服务很到位真的感动我来回试了有十几件衣服电员还是那么有耐心感动,1
嗯没什么不满意的地方那就是非常满意吧惠心如小姑娘很棒的呢很负责任呢也很热情加油呦,1
帮父母买了件衣服感觉不合适来他家退货工作人员非常有礼貌而且还主动说不好意思让我不满意了真的态度很好我非常的满意优衣库的服务,1
前台小妹妹怎么这么可爱又有礼貌又漂亮还那么有耐心感动爆了,1
来买衣服想要试的衣服有点多试衣间的刘祥不仅没有态度不好还给了我购物框让我分两次带进去态度很温柔,1
该店铺的商品很好无任何缺点并不持有任何差评意见,1
今天在优衣库买了一件裙子一件绿色圆领短袖简直不要太好看,1
为服务人员党依欣小姐姐疯狂打她简直是贴心的不要不要的太细心了吧也整个人都超级温柔对包装袋都温柔的小姐姐谁会不爱呢,1
在优衣库买了这么多的东西了没有一次是不愉快的,1
官网满减的活动非常划算又买了一大堆的衣服不开心就是要买买买优衣库的粉一上新款就来买希望以后有很多的优惠活动,1
店铺的服务质量很好就是有的时候感觉挺忙的不太好意思喊他们,1
店铺感觉好有朝气陈燕楣服务好好我一直让她帮我找裤子她都笑脸服务我自己都觉得烦他居然这么有耐心点赞,1
衣服不要太好看又实惠质量又好很满意收银员尹萌态度很好很满意,1
挺满意的每次来找东西什么的态度都非常好没有不满意的员工,1
没有什么不满意的挺好的服务态度很好积极给查找衣服,1
一直都很喜欢优衣库的衣服质量什么的简直不要太好,1
第一次到这里买东西买裤子的时候放的比较高工作人员帮我拿还去试衣间给我量裤子很积极帮我挽裤脚那态度从没见过服务这么好的一个小胖子穿个粉色的衬衫忘了叫啥了  点赞  一个店铺好不好先看服务人员的态度  喜欢,1
前台宋单单退换货特别熟练微笑很满意没有因为是退货而不开心,1
工作人员服务的态度我很满意有很多商品价格和尺码都是能够慢慢跟我讲解很赞赞赞赞,1
喜欢喜欢喜欢还是喜欢不喜欢怎么会在优衣库买这么多衣服呢,1
我的天前台结账的小哥哥赵萌萌长得也太好看了吧还那么温柔有礼貌这样的顾客服务怎么会不满意呢我满意满意非常满意,1
在优衣库买了这么多东西了没有一次购物不愉快大爱,1
简直不要太棒了是我逛过最棒的一家店,1
在收银处排了回队但是并没有让我感到不开心很好的服务,1
特别感谢收银员一位个子高高的小男孩儿那么有耐心的回答我的问题,1
来买问了员工服务不要太好真的很棒优衣库今年的也太好看了吧,1
今天在男装遇到一个妹妹态度特别的好我让她帮我拿了几次衣服都没有不赖烦还各种给我介绍专门为她进行一个评价叫李兰,1
优衣库的衬衫超级好不爱起皱上班穿很舒服,1
每次来大卫城管它买不买逛了再说可是一逛就停不下来了试衣间人好多啊小姐姐还那么有耐心真香,1
我喜欢乐松优衣库呦 喜欢你们的服务态度不要太好啦就是你啦,1
店里员工都挺热情耐心的又一个叫美玉的员工帮了我很多我都不太好意思了,1
很满意不喜欢的还可以退换货退货也很快钱立马到账了,1
郑雪婷今天试的衣服有点多谢谢小姑娘那么有耐心,1
没有什么不满意的,1
五星好评肯定的了因为没有人不喜欢服务优秀 店铺整洁的地方,1
很喜欢优衣库的衣服 质量很好 而且不喜欢的也可以随意退换,1
愿意来优衣库不满意还可以退服务员全程微笑给办理推荐家人也来,1
没有不满意的每个人都很友好非常感谢他们帮助我,1
楼上试衣间的小姐姐很温柔也很耐心我试了很多衣服她都没有一点不高兴很开心的一次购物,1
张倩倩服务员很热情态度温和不厌其烦为我取衣架拿走我不满意的衣服一直耐心等待到我满意为止,1
我对李梦的服务非常满意好温柔好可爱一女孩子谁会不喜欢呢,1
朱姓员工的服务态度不要太好呀有耐心引导也到位我非常满意的哦,1
高端大气上档次低调奢华有内涵简直不要太好看啦,1
服务员态度很好也很有耐心在我拿了那么多衣服进试衣间试的时候没有像其他店的员工那样不高兴态度超好的说超满意的购物体验,1
宋丹丹缝补的裤子我很满意改的长度也还满意还对我说回家不满意可以继续来修改裤长,1
再赤峰多开几个优衣库好不好呢这样就不用跑那么老远啦哈哈,1
试衣间的妹妹态度特别好   好像叫胡丽珍  主动来给我量裤脚  让我特别的开心  本来还不太好意思问能不能给我改裤脚  这下子就不用问了   给胡妹妹点个赞,1
优衣库的服务态度很好很满意很不满意很满意,1
服务人员提供的服务和应对非常满意没有令我不满意的地方以后还会来优衣库买衣服,1
易婷的服务态度太好了 今天的购物体验极佳 下次来优衣库还是会找她服务 毕竟谁不爱,1
优衣库果然不会让我们失望很喜欢这个店太棒了,1
还行吧就那样没感觉有什么不好的地方就是希望多搞一点活动,1
我觉得黄思语小姐姐的服务态度很好啊真的蛮有耐心的很久没见过这么有耐心的小姐姐了打一下吧,1
非常满意没有让我不满意的事情,1
服务周到态度可亲目前没有见到对顾客态度不好的员工,1
帮妹妹买衣服她比较害羞不太好意思和小姐姐说话小姐姐人超级好还帮忙推荐了穿搭一次很好的购物体验,1
喜欢的款式又来了新花色今天穿了裙子不方便搭配卖场的姑凉非常热情的帮我搭配了其它衣服一起试穿试衣间的员工还帮我拎篮子把衣服放到了试衣间还拉好了帘子服务真的是太好了自己都有点不好意思,1
那位小哥服务态度好即使客人很多但是依旧没有表露出不好的表情给人的购物体验很好,1
五一过后的优衣库没有什么人但是并没有因为顾客少卖场员工对我们冷漠反而是很热情的接待我们替我找货,1
我的天 服务简直不要太好了 胡倩倩那个店员服务没话说来过的 都说好,1
店铺温度舒适在逛的过程中体验感良好人就不会太过于密集衣服都叠的整齐没有看到乱七八糟的场面有问题问了店员也能及时解决最终买到了适合自己的衣服感到满意下次还来,1
是一件的小哥哥很好耐心的帮我衡量衣服合不合适好不好看点赞,1
服务到位 店员帮忙找衣服找了很久但是也没有一点不耐心,1
这还都不满意还要咋样还要上天呐脑子好,1
挺好的一次购物体验特别是刚出的新款要不要太好了特别是灯芯绒太爆款了吧,1
员工刘徐从我进店开始一直热情接待我还根据我的需要给我拿了很多次衣服很耐心很热情的为我服务试了很多衣服也没有不耐烦不高兴还是很热情的为我服务真是人美心善讷,1
来来回回好几圈都找不到那个衣服业务员是个小姐姐不太好意思问可能小姐姐看出来我找不到衣服主动问我需要帮忙吗最后买到啦给小姐姐小心心,1
引导服务亲切到位收银服务亲切迅速对工作人员的服装语气语调等等非常满意并没有有让人不满意的地方,1
没有什么不满意 员工都能热情似火贴心 刘家搏服务的很周到,1
今天买裤子 裤子有点长试衣间的工作人员很耐心的询问我满不满意 帮我改了好几次 谢谢他,1
我这人不爱说话第一次一个人买内衣挺不好意思的就在我不知道穿多大的时候陈喆小姐姐跟我打招呼我也就简单的询问了一下他给我推荐了好多样子还有尺码在这里我反馈一下棒棒哒,1
每次购物都非常开心工作人员态度依旧那么好那么有耐心,1
没有任何不满意的希望店员可以越来越好加油加油加油呀,1
结账服务的小哥哥态度简直不要太好 非常满意,1
满意没有不满意的员工服务很好不知道姓名谢谢,1
裤子还能免费改简直不要太棒,1
早上来的试衣间的小姐姐非常和蔼可亲态度简直不要太好啦打打高路,1
自提很好看到别人排队我却潇洒的拿了东西就走简直不要太爽,1
最爱的暴雪终于和优衣库出联明了简直不要太好看,1
感谢优衣库的服务员这么忙的时候 还可以对我们这么有耐心 点个赞,1
花少少的钱能有如此的服务值了且不会有不买就不爽的情况赞,1
没有不满意的 都很满意 干净整洁 态度良好 我也不知道现在到没到二十个字我实在不知道该说啥了 我没了,1
店里还给免费熨衣服真的很好还有谢谢收银小姐姐那么有耐心,1
没有不满意的员工,1
有位叫维芝的在我很难做决定的时候给我讲解了衣服的穿搭也给了我提了一些穿搭的建议我去过好几家店首次遇到这么有耐心的人给他点个赞,1
经常没事就会过来逛逛看看有没有喜欢的,1
冯伟小哥哥服务不要太好超满意,1
大爱优衣库的衣服我超级喜欢秋装的卫衣不要太好看,1
戴眼镜收银小姐姐很可爱很温柔很细心 以后会多多光顾 衣服质量不知道好不好,1
好非常棒 逛了一圈没有发现什么不好的地方,1
没发现不满意,1
王冬梅  谢谢这么有耐心的帮我找衣服 非常满意,1
质量好又很便宜谁不喜欢呢哈哈哈哈哈谁不喜欢呢谁不喜欢呢反正我喜欢,1
哈哈哈店员指引 我问我有没有不满意的地方 很贴心 当然满意了,1
这家店真的不要太好了吧以后去别的优衣库都不习惯了吧,1
陈洪福态度简直不要太好下次还来,1
找了很久终于找到了一直想买的裤子开熏 真的很谢谢陶慧小姐姐的推荐建议哟啾咪 服务也是蛮周到的没有不满意的嘻嘻 优衣库衣服质量真的很好顺道了买了个,1
今天让小姐姐拿了很多次衣服还问了很多衣服好不好看很耐心哈哈金丽虹,1
吹爆童宗晗小哥哥态度简直不要太好,1
谢谢你们收银员我上次手机不小心丢在试衣间了周蒙蒙小姐姐帮我找到了很感谢万分感谢小姐姐是大学生吧勤工俭学的能看出来这样的小姑娘不要太好这样早来社会历练挺好加油加油未来属于你们的加油鸭,1
衣服很好找同款的都在一样的地方种类也很多员工都很热情很有耐心帮孩子找衣服员工都很卖力的在帮忙找推荐尺码一点没有不耐烦或者不高兴这个员工叫毛雪莹,1
试衣间那个女生说是叫张佳敏叫我帮她投票一直在试衣间试衣服还让她帮我拍照给我孩子看好不好看那么忙还那么有耐心的帮我拍照笑容又很亲切,1
优衣库的门店自提服务很好用在家里就可以买好不满意还可以现场退谢谢店员的推荐,1
的恤确实很好看刚好赶上了补货运气不要太好非常感谢店员小姐姐的指路第一时间冲过去,1
基本上每周有空就会过来看看有没有喜欢的新品这里的店内导购员非常的热情解答疑问也非常的仔细谢谢大家,1
我经常来优衣库我们一家都是优衣库的忠实粉丝简直不要太爱哦漫威英雄联名,1
试衣间的小哥哥帮我购物筐然后帮我拉门帘非常的主动而且热情让我特别的开心试了几件以后不是很满意他也没有什么不好的情绪总之服务是真的好态度真的很棒,1
服务非常好优衣库简直业内标杆每一位员工都很有活力但也不会热情过头让人感觉非常舒适,1
总体还可以吧没有什么不满意的嗯嗯嗯就这样了,1
我买两件裤子帮我省下来块钱简直不要太赞了谢谢你们的店里的员工何彬,1
没有不满意 环境清洁 服务态度到位,1
五一人很多 服务也没有因此不好了 还和往常一样,1
买了你们家很多东西每一次都没买失望过韩敬怡小姐姐好可爱服务还非常好,1
一件毛衣才元真的很便宜去试衣间来来回回试了好几次试衣间的小姐姐也没有半点不开心还给我建议哪件更合适很满意,1
满意本次购物未发生不愉快收银员杨睿智服务很好,1
非常满意的服务啦每次都会来的 小哥哥小姐姐的服务简直不要太棒,1
最近中了优家的毒无法自拔 可以说是物美价廉啦 不要太好 好嘛,1
对该店员工张兰服务感到非常满意热情体贴本来有点儿郁闷的心情感到很舒畅给这家店点个赞,1
满意很满意无论多么忙小姐姐小哥哥们都那么有耐心的,1
服务态度棒棒哒表扬一个小姐姐谭嘉敏小姐姐暖心把我今晚的郁闷气给缓解缓解了也选到了合适的情人节礼物谢谢啦,1
非常感谢二楼收银前台的小哥哥态度很好而且非常的有礼貌让我等待期间的郁闷的心情一扫而光很开心下次还会来的嘿嘿,1
今天逛优衣库打算一件防晒衣要多吧  收银小姐姐问我有没有会员 我说没有 后来她很有耐心的教我注册会员网络真的太差了然后领了一个减块钱的劵 简直好到爆表白小姐姐  突然感受到了顾客是上帝的这种待遇 所以后来她让我给她反馈评价我也是很乐意的 这个小姐姐叫什么娉婷来着哈哈哈哈哈好评,1
服务人员提供的服务和应对非常满意 没有令人不满意的地方 以后买衣服都来优衣库,1
没有什么不满意的 服务态度也好 挺好的挺好的,1
衣服质量很好店里的小姐姐也很热情的帮找衣服试衣间的小哥哥也没有因为拿太多试穿而表情不好哈哈买东西的欲望都强一点哩,1
蛮好哒优衣库物美价廉的典范继续保持啊一直买买买停不下来啊物美价廉谁不喜欢呢,1
鞠乐非常好看吗满意不满意的人没有啊啊啊啊啊啊啊啊啊啊啊啊啊啊啊啊,1
满意有个姓罗的女生服务周道热情礼貌搞得我还不大好意思对于我的相关咨询回答行有耐心,1
马一川服务很好店铺很干净没有特别不好的购物经历,1
防晒衣大降价 简直超值 买买买 买不了吃亏买不了上当 开熏,1
优衣库员工服务真的不要太好了吧 有一次小孩要喝奶 问员工有没有热水 员工说有 一会就把热水接来了,1
在优衣库买东西没有一次失望的店员的服务态度超级好大爱,1
陪女朋友逛的收银员唐家璇简直不要太赞热情的给我们讲解店铺活动必须好评,1
没有任何不好的我觉得都非常棒,1
非常好前台收银小姐姐很有耐心希望下次还能遇见这么有耐心的实习生,1
从店内选衣试衣到结账都非常满意店员很热情目前没有什么不满意的地方,1
没有什么不满意的到他们家来买衣服都挺好的,1
服务到位态度亲切友好衣服好看实惠哈哈哈哈简直不要太好看好看死啦嘿嘿,1
昨天下午给过一个反馈 今天早上又致电门店 接电话的员工听完我的诉求后非常快速且非常有质量的帮我解决了问题 非常满意 昨天在情绪非常激动的状况下反馈了差评 非常感谢还能这么耐心的帮我解决了问题 优衣库的服务还是比较值得期待的 谢谢旧宫住总万科店的何文鑫员工,1
没有令人不满意的地方店面很大衣服种类也很多服务人员素质都很好,1
优衣库服务态度很好今天帮忙搭配挑选衣服还教怎么使用优惠券简直不要太好,1
很好超级满意的又超级喜欢的不喜欢是不可能的不满意也是不可能的,1
逛的很开心新的联名简直不要太好看了店员都很热情的帮我找衣服收银也很快满意,1
非常满意在多人的情况下还能这么有耐心很棒的服务体验非常满意,1
很好的购物体验目前还没有不满意的地方以后购物时发现问题的话再及时反馈,1
都挺好的没什么不满意不懂问了服务人员很积极的帮我找商品,1
今天特意带孩子逛逛看看有没有喜欢的衣服满载而归啊,1
这家店铺特别大商品比其他店都要齐全员工也很有热情对待顾客也挺有耐心特别我在试衣间试裤子人特别多又热但试衣间的叫季津津的小姐姐还那么有耐心挺好的以后还来这架店,1
现在优衣库搞门店提货了工作人员还会教你用也太方便了吧当场不满意也可以随时退换非常好的服务项,1
试衣间里的员工张婧荟服务态度超好试多少件衣服都不会态度不好而且工作干净整洁,1
算是中规中矩的一款凉鞋吧没有什么需要完美也没有什么需要吐槽舒适性还可以,1
胡敏服务态度很好兼职不要太好,1
店员符宣丰人很好有礼貌很热心帮我找衣服现在这么有耐心的小孩子不多啦特别满意,1
今天去试衣服尽管我试了很多衣服但是试衣间的妹儿也没有不耐心很好,1
服务人员提供的服务和应对非常满意没有令我不满意的地方以后会经常来优衣库消费,1
一个叫魏敏的店员很细心的介绍了商品试了很多衣服态度很好没有丝毫的不耐心这种品质相信是优衣库每一个员工都具备的这样的店铺让顾客心情很好很棒加油,1
很好 没有什么不满意的 很好 没有什么不满意的 很好 没有什么不满意的 很好 没有什么不满意的 很好 没有什么不满意的 很好 没有什么不满意的 很好 没有什么不满意的 很好 没有什么不满意的,1
非一般的体验简直不要太棒了很喜欢的一家店呢,1
前台的张庆哲太帅啦对帅的人没有什么不满意,1
服务人员提供的服务和应对非常满意 没有什么令我不满意的地方 以后会经常来优衣库,1
没有最好只有更好更努力的人表扬吴佳美工作态度认真负责,1
服务很好慢条斯理也超级礼貌说话都很周到还懂得保护顾客隐私很好,1
没什么不满意的店面整洁然后员工都很热情收银也很快,1
试衣间的店员真给力我一直问好不好看每一次的建议都没刻意恭维喜欢来这里购物很满意,1
试衣间的工作人员真的很亲切帮我参考衣服好不好看,1
优衣库的红色连衣裙不要太好看哦春天的时候就看上了等它降价一直没舍得买不过还是太喜欢原价买了好漂漂,1
员工的素质都太好了简直不要太好太好太好了,1
都挺满意的也没具体哪个员工不好什么的给你们点赞,1
没有什么不满意 店铺好长啊 服务都挺好的,1
商场的地理位置很好和好朋友楼上吃饭下楼总是会去店里逛一圈看有没有喜欢的衣服,1
没有不满意的地方很好的店铺真的很好,1
这是单位附近的店下班喜欢过来看下有没有喜欢的衣服,1
我对服务人员的态度很满意没有领我不满意的员工购物体验很良好,1
退换货非常方便不满意都会退换从不刁难,1
有件衣服没找到黄绍芝非常热心的帮我查找衣服太谢谢啦服务态度真好一点也没有不耐心的样子,1
优衣库的衣服简直不要太好看是我喜欢的风格简约时尚而且代言人还是我的女神倪妮喜欢,1
优衣库的牛仔裤质量不要太好帮家人买了三条,1
服务非常好搭配衣服也非常漂亮今天上午去看看有没有喜欢的有买一套毕竟划算又舒服性价比高多买点,1
在优衣库买东西这么多次没有一次是失望的店员的服务态度超级好,1
店员的服务推荐啥的没的说真的不要太好,1
可以免费改裤子这个很好而且不满意还可以再改服务很奈斯,1
没有不满意服务态度特别友善,1
香坊万达的员工总是那么有耐心 因为家就在这附近所以总来 从没让我失望过,1
店员态度十分良好没有因为人多而态度恶劣有问到问题都很耐心的解答,1
试衣间的车车小姐姐很亲切我试了好几件衣服都很耐心的接待我我想要的裤子也能推荐给我下午回家了一趟想了一下晚上还是把牛仔裤买了还特别亲切的告诉我不喜欢颜色那些可以拿过来换货真的好贴心的一次购物,1
很满意呢没有什么是可以让我差评非常满意,1
李鑫试衣间的小哥哥拿错衣服尺码很友好的去帮我解决试衣间很繁忙但是一点都没有不赖烦,1
优衣库试衣间小姐姐人很温柔哦试了很多次不满意也依旧微笑服务哈哈哈哈哈哈下次还会再来的,1
店员态度很和善问了几个网红款给带过去挑好我的尺寸让我到试衣间去试穿有些衣服还真是 上身后 才知道好不好看很开心买到了网红款,1
太好了太好了 都太好了一点毛病没有感谢感谢,1
赖鑫圆解答非常认真仔细小女孩不容易很棒的员工推荐的也很好看,1
我经常来优衣库我们一家都是优衣库的忠实粉丝简直不要太爱哦,1
好评妥妥的给个好评新出来的暴雪系列简直不要太好看员工也特别和蔼感谢试衣间的员工冯祥振态度超级好很贴心的在给量裤脚,1
非常感谢王路能那么有耐心的为我们老年人服务谢谢了,1
谢宜伶小姐姐服务态度超级好人美还那么有耐心,1
店里的服务员们都好卖力啊招呼声此起彼伏的哈哈我还有点不太好意思,1
没有不满意   很好  没有不满意没有不满意没有不满意没有不满意没有不满意没有不满意没有不满意,1
经常性的会去逛逛看看有没有心仪的东西,1
都挺好的啊没什么不满意的地方员工都挺好的充满微笑,1
没有不满意的希望你们越做越好加油,1
很满意服务店里的员工很辛苦还那么有耐心的,1
爱死优衣库了服务态度简直不能太好下次再来,1
爱上优衣库啦不要太好看了希望出更多联名,1
五星五星非常的满意啊没什么不满意的地方都很好很棒,1
很满意虽然试衣服人很多也没有表现的不开心啥的挺好的这里终于也有能逛的地方了,1
看上这款宝贝已经很久了终于到手了挑来挑去挑了这家事实证明我的眼光还是很好的哟没有 让我失望做工和质量都很好最主要服务态度还好,1
没有不满意的地方   服务还可以吧  希望继续努力吧,1
怎么有那么贴心的小哥帮我挑衣服那么认真品味也超级好帅炸了啊,1
感觉优衣库工作的小姑娘真的很不容易很辛苦每次来都看到她们来回跑叠叠叠但是从来没看到她们发过脾气或者说顾客不好真的很厉害,1
非常满意没有什么不满意的都特别好服务也好很好很满意,1
张梓雯很棒 微笑超美 态度超级好 优衣库为什么有这么温柔甜美的女生 业务能力也很强 难得的好员工,1
前台收银的小姐姐服务态度不要太好微信特亲切很有感染力推荐我加入会员的诸多福利还有他们好多的秋季新款真的超棒,1
没有任何不满意的地方非常完美就是裤子小个子穿不好希望改善呢,1
试衣间小哥很有礼貌 人也很阳光 试了这么多衣服还这么有耐心 ,1
新海诚的衣服简直不要太好看｡･ω･｡ﾉ♡个人觉得性价比高于的恤面料和版型都比要扎实哈哈哈还有感谢台宇航小哥哥指路,1
都很满意没有不满意的地方员工服务态度亲切有礼貌衣服质量也很好喜欢优衣库,1
优衣库的服务不要太好主动告知我有优惠活动开心,1
服务质量一级棒主要是衣服不满意还可以退换,1
好好非常棒 逛了一圈没有发现什么不好的地方,1
今天优衣库得人非常多可是他们家的导购并没有因为人多变得服务不好反而很热情很亲切,1
超喜欢联名款的特别是漫威的简直不要太好啦真好看看我穿的朋友都来买了好多买到自己想要的衣服真好,1
服务员很热情换货的时候态度很好并没有因为换货而对我有不友好的态度很棒,1
优衣库的衣服是我一直最爱的质量特别好还经常搞活动每次都买很多款式也非常多很喜欢服务态度也非常到位尤其试衣间的小姑娘叫陈偌偌的小女孩特别热情非常热情给我拿购物框给我介绍衣服还帮我挑选看穿的好不好看记忆特别深刻反正就是喜欢优衣库,1
优衣库的导购小姐姐都这么漂亮吗还有帅气的导购小哥哥没想到导购小哥哥也这么有耐心还会继续去的能,1
简直不要太好导购王静怡小姐姐服务态度超好,1
店铺整洁干净员工服务周到不会有不愉快的事情发生还能开心的买到自己想要的衣服点赞点赞,1
挺好的呀没什么不满意的我对工作人员都挺满意的加油努力保持,1
在优衣库买了这么多东西没有一次失望的性价比很好,1
试衣间小哥服务态度不要太好很开心啊哈哈哈啊,1
志滔哥哥叠那么多衣服还那么有耐心一直帮我换来换去非常值得表扬,1
/合身这件可以选大一码优衣库可以闭眼入经济实惠最喜欢的是面料优质全棉给小孩买放心图案也非常多的选择这次活动一件买了件外面不知名的也要几十面料还不好下次有活动继续买多囤点也无妨好久没在优衣库买衣服了这次主要是给孩子买了几件上衣两条打底裤质量一如既往好几乎孩子所有的贴身衣物都是优衣库米老鼠图案的上衣穿上还挺好看的打算自己再买一件米妮女士的和孩子一起穿很可爱的短袖优衣库的衣服质地都很好价格也很合适图案也是小朋友们喜欢的现在习惯经常看一眼有没有上新自己喜欢的衣服被优衣库圈粉了谢谢娜娜导购,1
太满意啦 非常满意 服务态度简直不要太好 下次一定还会光顾,1
没有令我不满意的员工每位员工态度都很好而且很热情环境也很干净衣服也很全,1
没有不满意都很好江慧慧接待很周到,1
试衣间的店员就算我拿的衣服多也不会不高兴很热情  收银的时候的店员也很热情以后还会再来的,1
王裕晖店员的服务令人非常满意人非常和蔼可亲没有丝毫不满意,1
门店的态度简直不要太好想找一件米奇给我找了人事多分钟 真的很辛苦小改改,1
服务很热情一直有帮忙拿合适的码过来试穿虽然没试到合适的也没有表现的很不耐心的还介绍了网上购物很方便谢谢,1
优衣库的服务从来就没有令人失望过每次去的时候都感觉如沐春风今天去优衣库买衣服在试衣间的时候是陈媛媛接待我的她很耐心还为我提供了意见我也买到了自己喜欢的衣服,1
员工何婷服务很好换货很耐心并没有因为换货而服务不好还是很热情好评,1
服务亲切周到很到位没有什么不满意的挺多的衣服可以选择很好,1
非常喜欢这里的服务啊  简直不要太好了啊,1
环境好 员工热情 优衣库大信店真的从来不令我失望,1
优衣库的东西简直不要太棒家人都特别喜欢家里好多衣服都是优衣库的,1
试衣间小姐姐很好哦还帮我看我的搭配好不好看 很好哦,1
改裤脚的小姐姐 太可爱了 说自己刚改不久 问是否满意  不满意可重新修改  其实很棒啦,1
试衣间的小姐姐服务态度很好让她帮我看看穿的好不好看他非常有耐心的给我建议真是良心服务员呀,1
有个叫李春波的态度挺好的帮我找到了想要的衣服尺码没有什么不满意的优衣库一直都是我常去的店这一次也很让人满意没令我失望以后还是会经常来的,1
我喜欢乐松优衣库呦 喜欢你们的服务态度不要太好啦嗯嗯,1
非常满意微笑服务服务周到没有感到不满意,1
服务很热情衣服选择范围广还没有出现过什么购物不愉快的,1
装修大方 简单 干净 服务热情但不会热情的让人不舒适热情的很自然 让人购物体验很棒 店铺位置也很好找,1
优衣库的服务态度简直不要太好出的衣服也很好看,1
没有不满意的情况王怀权服务很到位很周到很礼貌,1
前几日在店里买的衣服尺码有些不合适了拿到店里面换货的时候店员很热情的接待了我告诉我换货所需要的东西态度没有因为换货而变得不好时间很快很迅速,1
在优衣库买了这么多次东西了没有一次是失望的,1
好好好非常棒 逛了一圈没有发现什么不好的地方,1
一次愉快的购物体验各方面都比较满意优尼库物美价廉谁会不喜欢物美价廉的商品呢是不是呢,1
没有不满意今天碰到的导购叫吴净馨喜欢她给我的搭配很满意下次还会去优衣库购物,1
没有什么不满意的地方都很好大家都辛苦啦,1
前几天过去逛逛想起来不得不表扬一下李英这个员工笑容真的是很甜美又有耐心点个赞以后还会经常来,1
试衣间那个小哥哥简直不要太棒啊  人长得帅嘴还甜哈哈哈,1
喜欢优衣库继续支持都挺满意没啥不好的,1
前台收银员超级太喜欢了很耐心问了她很多优惠信息都没有一点不耐烦以前在别的商店买东西服务员态度超级差的陈桂纯,1
买优衣库买不了吃亏买优衣库买不了上当买就得了,1
今天买了很多东西没有特别不好的地方还挺好,1
没有不满意的地方就是很喜欢优衣库 还会再来的,1
七夕快到了我在想那天要不要过来蹲服务棒人也美的李旺雯小姐姐或者送束小 快给小姐姐加薪吧优秀的长腿小姐姐简直不要太好看,1
这是一条很有诚意的好评首先说说商品肯定是好啊 我都是了再说说服务那肯定也是好的呀不好我会每个星期都光临吗,1
对服务人员没有不满意只是建议能够在贵州的黔西南州盘州这样的比较受欢迎的旅游城市也开设门店很多人都是优衣库的粉丝我作为铁杆粉要买只能在网上或者去省会很不方便一样能够考虑下我的建议作为我说的这两个城市人流量量大而且消费能力也大多数能够满足,1
太喜欢优衣库了吧没有理由不喜欢服务太热情了吧每个人脸上都洋溢着微笑很满意的购物体验啊,1
杨波服务态度好很有礼貌在推荐过程中没有一点不耐心很感谢,1
优衣库的合作款简直抢不到了听员工张宇说加入会员可以比其他人先购买到简直不要太好,1
占嘉简直不要太棒,1
店里热闹  人也很多  服务人员少  但是随叫随到  很有耐心  把我弄的都不太好意思总叫他帮忙了   优衣库的工作人员真是不容易    辛苦啦,1
特别满意没有任何不舒服不满意的他家服务超级满意,1
建议体恤等那些商品不要都叠起来看着叠的特别好不太好意思翻啊,1
服务人员提供的服务和应对非常满意 没有令我不满意的地方 夏天的短袖都是纯棉的非常好穿,1
陈佳红的服务态度很好没有啦什么不满意的员工都挺好的,1
自始至终没给大悦城店一条差评加油大悦城店 希望你越来越好,1
优衣库优生活简约时尚舒适无所不爱无处不在的优衣库,1
罗福情服务态度很好周到亲切 优衣库的裙子简直不要太好看了吧喜欢,1
优衣库服务很好试衣间郝瑾如特别热情 帮我看了看身上的衣服好不好看,1
看着电影穿漫威不要太好了吧喜欢优衣库夏天的有个性,1
在卖场上当我需要一些帮助的时候店头的工作人员的第一时间帮助到我们问一些类别的服装和服装尺寸上的一些问题能够耐心给我们解答让我享受到优质的服务态度,1
店员服务态度比较好暂时没有发现什么对顾客不耐心的行为,1
服务态度很好试衣间的小姑娘不停的给我找衣服搞的我都不太好意思,1
收银员小姐姐服务态度简直不要太好 想抱回家哈哈哈 天天来优衣库转转都成了一种习惯了,1
防晒衣真的卖的超级火好多颜色都断码但是服务员帮我查了其他家的并没有因为不在她们家买不开心很好,1
我要找的一件衣服店员也可以在很快的时间内替我拿到完全没有不愉快的购物感,1
没有不满意的都挺好的店里边挺干净的服务人员也比较热情,1
今天试了好几件衣服试衣间的服务员态度非常好并没有因为我试的多而表现出不好的态度赞一个,1
薛斯瑜工作人员服务态度很好 给我介绍了很多新款的搭配 谢谢她这么有耐心  这次购物很愉快 ,1
谢谢亲我们的质量和服务一直都不会让亲失望的非常感谢,1
员工的服务让我很满意啊即使是退换货也一点也没有不高兴很开心这次购物体验希望越来越好,1
等待海贼王联名短袖的发售今天有时间赶紧过来买一直是这家店的粉丝店铺大衣服种类多每次的合作款或者联名的发售这家店的货量都很齐全没有让我这种粉丝失望给点赞,1
今天没打算买东西的结果因为余晓玲小姐姐的热情服务弄的不太好意思了而且衣服也真的喜欢就买了,1
员工杨凯如很热心的接待我即使她非常的忙也没有丝毫的不耐心,1
衣服码放的非常整齐都不太好意思去翻动店员的服务很好,1
在前台退换货服务态度很好很热情不会因为我换货而不高兴他名字蒋大红,1
游美琪好棒 帮我精心挑选 不厌其烦的帮我看搭配 拿货迅速好好 应该杠杠的 人好 工作负责 又有耐心 怎能不喜欢呢,1
服务和应对非常满意没有令我不满意的员工,1
挺满意的导购的服务态度也挺好的需要什么都带我们去没有一点不耐心哈哈,1
也不止第一次进优衣库买衣服了南沙店的去过几次后来去的时候有个小女孩很有礼貌很有耐心名字好像叫刘碧琴挺好不满意的员工倒是没有,1
没有什么不开心的感觉都很喜欢这样的感觉我,1
裤子改的也太好看了吧 还是免费的 简直不要太棒,1
很久没有这么满意的购物 下次还是回来的 加油,1
清明节来逛优衣库衣服简直不要太好服务态度真的很好很好的,1
韦怡人很好啊叠了又叠的衣服还是那么有耐心,1
昨天去优衣库买衣服有一位小姐姐人超级好一个小姐姐跟耐心的给我找衣服试衣间的小哥哥人也很好还帮我看衣服我穿着好看不好看嘻嘻嘻很愉快的购物体验谢谢啦,1
挺好的喜欢优衣库的氛围没什么不满意的,1
对彭栋康非常不满意十分贴心,1
服务不要太好啦每次来我都感受到热情开心,1
总的来说非常满意啊没发现什么不好的地方服务都很好,1
挺满意的没啥不满意的就是服务太好了,1
可以说是我的优衣库专属购物店铺了服务简直不要太好不用德基那么拥挤库存也是非常充足必去推荐,1
一直觉得优衣库服务态度很好和超级耐心今天又去买了衣服碰了一些小问题列如找不到码数遇到了曹紫珊小姐姐导购员服务态度翘好很满意这次购物的体验希望下次还能遇到那么有耐心的小姐姐,1
很喜欢他们家的衣服各种联名简直不要太赞哈哈还有他们家的服务态度好好呀,1
非常满意满意的飞飞飞起简直太满意了无比的满意怎么可能不满意这么好的态度,1
来了这么多次九方的优衣库从来都没有让我们失望过太好了他们的服务,1
原来不喜欢去优衣库现在非常喜欢很热情而且不会跟着我转等到我有需要的时候叫一下就来帮助我满意,1
不知道要说什么服务员态度挺好的没遇到过态度恶劣,1
优衣库的员工看到我手里拿的东西多不方便挑选还给递送购物筐简直不要太贴心,1
衣服质量好啊 服务态度好啊好啊  喜欢啊  怎么能不喜欢,1
别的就不说了这里的服务员态度太热情了退换货的也快丝毫没有不高兴的意思余朝锋,1
何春宇的服务让我很满意她的笑容感染了我赶走了我的不开心我试衣服还给我送了购物筐,1
在优衣库买了那么多东西没有一次失望的,1
店里有一个叫什么华的女生不好意思看没看清笑起来好甜好喜欢她喜欢优衣库店员的微笑很有亲和力厚颜无耻想要她的联系方式,1
在试衣间试衣服对于试穿的衣服犹豫不觉不知道好不好看还特意给我参考意见,1
服务员态度很好我试了几件不是很满意的都有点不好意思要她帮忙折好她主动帮我折好放回去,1
满意满意十分满意服务态度都特别的好简直不要太好了真棒,1
服务很好员工很热情也很耐心帮忙找衣服很有礼貌不管衣服喜不喜欢总之很舒心,1
非常好的店经常来看看有没有喜欢的新款店员很好,1
很好非常满意没有什么不满意的一如既往的好,1
礼貌周到恰到好处的热情不会让人过分尴尬叠衣服手法迅速十分完美都不太好意思翻动惹,1
完美没哈不满意的,1
衣服很好看的真的好不容易才能找到最后一件特别喜欢的漫威联名短谢谢吴亦明店员这么有耐心的帮忙找衣服辛苦了,1
前台小姐姐的态度简直不要太好哪个电源对我的超级有耐心店面很干净最喜欢优衣库了啊是优衣库让我的生活充满希望,1
今天优衣库的人真的但是服务员的服务态度非常好还是那么有耐心,1
今天进店买衣服的时候首先呢觉得卖场比较宽敞摸了一下衣服就有员工来问我喜不喜欢同时给我递了个篮子我找到喜欢的衣服后问好不好看也给到了很好的建议是一次比较愉快的购物体验,1
我对陈青这位员工很满意我每次试穿她都帮我讲解衣服好不好看工作很热情希望每次优衣库都能招到跟她一样的员工感谢优衣库为我提供了这次完美的购物体验,1
我觉得这个投票设计的就不按常理出牌大多数投票都是按照从满意到不满意来的要不是有服务员小姑娘的提醒我全选成不满意了望改进谢谢,1
试衣间的妹子好可爱还帮忙搭配推荐虽然我最后只是买了一件短袖也没有不赖烦点赞,1
价格优惠服务很好的服务态度不满意可以吗我,1
收银员姐姐态度好 脾气好的 长大好看 服务到位 各个方面都非常优秀 简直不要太好哟,1
曹莹对她的服务特别满意人很多却没有一点不耐心比心,1
试衣间短发小姐姐接待的时候特别有耐心一次拿了好多衣服有点不太好意思但是接待的时候不急不慢这样的导购员很棒,1
没有理由不喜欢优衣库呀,1
今天去优衣库买衣服  发现叠的衣服真的好整齐 都不太好意思翻了 这些服务员 真的很棒,1
挺好的都挺满意的并没有什么不满意的加油保持,1
对服务人员提供的服务和应对非常满意没有对服务不满意的地方服务态度很好 很热情,1
就有一点每次逛都觉得衣服叠的太整齐 都不太好意思拿 特别怕翻乱了,1
大爱系列简直不要太好看尤其是那个狗狗的,1
必须给员工小姐姐点个赞 服务不要太好了吧 推荐的尺码也合适 声音也温柔,1
今天来逛优衣库但是想买的衣服的区域是一个小男生不太好意思结果远处传来了女孩子的声音对她叫魏珊还问我是否需要帮助哇塞服务态度超级好的呀谢谢你了魏珊,1
贴身衣物很舒适柔软购买很多次了没有一次让我失望,1
更方面比较一般吧没感觉哪里好也没感觉不好,1
每周必逛的一家店每次逛必买的一家店你说好还是不好,1
试衣间的小姐姐非常优秀虽然顾客很多很忙但是我问她好不好看时还不忘给我建议,1
店内卖场的员工服务很热情特别是试衣间的员工我试了很多件没有一点不耐心服务态度特棒,1
今天店里人好像很多 比较忙 但是优衣库的环境和服务也没有因此变得不好 就是喜欢这样始终如一的态度,1
特意过来入手一条裤子还好没让自己失望找到了自己喜欢的呵呵还有可爱的小姐姐的服务真好谢谢,1
没有什么不满意都挺好服务也很好,1
王钗服务很好整个店特别干净舒服已经买了很多东西了特别喜欢优衣库这种服务不喜欢了还可以换真的很好,1
店里的导购小姐姐特别好很耐心的帮我推荐我都不太好意思了,1
很满意很满意没有什么不满意的都挺好的加油继续保持,1
员工都很亲切服务很周到热心没有什么不满意的地方,1
展品这个小孩太贴心了超级热情帮我找号码递购物框都不太好意思了买了好几件衣服让我保存好小票还告诉我可以改裤脚以后常来,1
这次活动真的很划算耶逛了一次买一堆哈哈哈哈店里的服务员都很有礼貌也不会因为我一直烦他们而不耐心嘻嘻特别有水准的服务前台的小哥哥好帅,1
试衣间的服务很好哦好久没有这么开心了哈哈,1
在优衣库买了这么多的东西没有一次是失望的今天还积分了开心,1
不得不赞这家的服务超级好真的是吃饭有海底捞买衣服有优衣库啊很喜欢李家村这家,1
其实都是很好的评价只是评价于一次的购物情况我是这里的老顾客从来没有遇到过什么不好的地方服务员态度很好地方大干净整洁,1
一个叫李娇的小姐姐很热情的给我找衣服我都不太好意思了不过最后终于买到了自己心仪的衣服好开心,1
卖场很整洁工作人员非常热情为我解决了问题没有出现不耐心的情况很满意,1
我试了几件都不太喜欢但是也没有冷眼还是很热情的服务,1
很满意并没有什么不开心的地方买到了喜欢的联名衣服,1
我是觉得今天那个导购小姐姐说话真的好温柔我都不太好意思了一直麻烦她查一下库存最后推荐说可以店头下单但我没有有点犹豫想等降价所以这个好评给小姐姐,1
服务人员很积极而且态度很好会让我感觉很舒服不会有不好的感觉这次购物非常开心给我了非常好的购物经历,1
绝对的好评优衣库的员工服务简直不要太好一直跟着我后面帮我推荐搭配一次优衣库就给我一个季度衣服搭配好了,1
很感谢男装的导购一直帮我找衣服帮我看好看不好看,1
特别表扬一位叫黄思远的小姐姐当时试了好几条裤子小姐姐都很耐心的帮我找号码 找版型 不得不说 很少遇见这么有耐心又可爱的小店员 希望老板多多提拔这样的员工,1
好好好好非常棒 逛了一圈没有发现什么不好的地方,1
服务和应对都比较满意暂时没有发现不满意的地方,1
很开心的一次购物体验女装灯芯绒系列的外套裤子裙子简直不要太好看真的是想每件款式颜色都拥有,1
服务人员提供的服务和应对非常满意 店铺整洁干净服务热情耐心没有让我感到不好的地方以后回来来欧亚强度优衣库,1
不得不表扬一下蔡奕这个小姑娘了大拇指,1
员工的服务让我很满意啊即使是退换货也一点也没有不高兴很开心这次购物体验希望越来越好,1
优衣库入口的小哥庄琪服务很好卖场内引导非常亲切周到也很礼貌帮我找了各种衣服也没半点不爽很感谢他,1
每次来都没有让失望女装区有个小姐姐服务很好帮我找衣服很有耐心,1
师楠楠很棒服务特别好最亮的一颗星给予好评以示嘉奖望君不负众望继续努力我爱你,1
谢谢这位叫杨柳的员工让我原本不开心的体验得到了完美的释怀感谢,1
非常喜欢优衣库的衣服尤其是联名款简直不要太好看,1
在优衣库永远买不到吃亏买不到上当,1
没有不满意 牛皮得很,1
店员的服务态度非常好相比其他服装店简直不要太好,1
质量好没的说 就是很喜欢 还会继续买就对了 不要太好,1
服务人员提供的服务和应对我非常满意 店铺干净整洁 服务热情耐心 没有令我不满意的地方,1
前台收银的服务员很热情 还帮助我注册会员 也没有不耐心,1
很满意不满意打爆我的头,1
收银小哥哥态度也太好了麻烦那么多次还那么有耐心,1
店里的小姐姐特别的热情帮忙找商品试衣间的姐姐也很好的帮忙推荐试了好多都不太好意思了以后还会经常光顾的,1
你说应该满意不满意呢满意吧,1
服务员很详尽讲解不合穿或者不喜欢可以退款退货摆设服装也很整齐,1
在优衣库买东西这么久了没有一次是不愉快的很棒继续加油,1
满意的服务改裤子兼职不要太快了超级赞,1
这次购物非常愉快感谢女装的小姐姐那么有耐心的帮我找衣服很多我都找不到尺码谢谢小姐姐谢谢优衣库,1
在优衣库买商品最放心不喜欢的可以随时退换,1
挺好的挺好的没有什么不满意的员工都挺好的,1
很满意哇有什么不满意吗没有很满意,1
试衣间小姑娘简直不要太棒啦太漂亮啦棒棒,1
没有什么不满意的每次都很热情,1
满意满意满意满意的不得了好不好啊哈啊哈,1
很满意很多次在优衣库买衣服没有令人失望服务人员态度很好很喜欢,1
刘乐的笑容特别有感染力本来不开心的心情在看到员工的笑容也治愈了不止是一次购物更是一次难过的治愈,1
大力支持优衣库的衣服简直不要太好很满意很开心买到联名款的人贼实惠,1
优衣库经常有活动的商品价格很实惠店员服务很好很热情不会因为你买的少就不开心的一样的有礼貌,1
新上的秋装不要太好看买了好多件爱了爱了,1
收银员小姐姐钟丽仪非常已经不止一次见到她啦每次看到她收银我就非常开心嘻嘻因为上课每周都会来好几趟优衣库逛逛今天又见到她啦好开心嘻嘻非常有耐心又认真长得又好看天啊怎么有这么可爱的女孩子,1
店里的服务特别好没有什么不满意店铺的员工特别热情真好,1
嗯  还好吧 好  也没有什么不满意的,1
很满意没有什么不满意的都挺好的加油继续保持吧,1
非常喜欢他们家的服务不像其他店铺一直跟着你在你最需要他们的时候他们就会出现而且态度特别好而且也特别有耐心还会帮你搭配衣服试衣间的也不会烦我都不太好意思了一直在试穿以后就来这了不会其他的店喽,1
还没有出现过什么不满意之类的里面的小姐姐都很尽职尽责,1
服务很到位呦 以后会多多去这家买衣服的冲鸭\优衣库从未让我失望过,1
经常光顾的店价格亲民质量好怎能不爱它,1
店里的恤不要太好看了吧穿上非常喜欢店员服务也很好,1
优衣库买衣服真的好舒服退换货也很方便没有很多不好的很喜欢来这里买,1
没有什么不满意的没有什么不满意的没有什么不满意的,1
员工方烁臻十分有耐心逛优衣库这么久第一次遇到这么有耐心的员工服务态度也特别好好评,1
试了好多衣服都没有喜欢的试衣间的小伙子一直很耐心并没有因为我只试不买不高兴,1
非常满意我在试衣间不方便就让服务员给我拿了好多衣服有点不好意思但服务真的好,1
优衣库服务挺好的没有什么地方不满意的希望继续努力,1
没有一点是不好的都超级棒哦可太好了吧,1
你们敢不敢不这么热情感觉我不买点啥都不好意思走了,1
这家店的服务真的很好服务员都很有礼貌尤其是前台和试衣间的太有礼貌了整得我都不太好意思了,1
有位可爱的小姐姐  我非常滴感谢她  给我推荐了一套休闲装   上身效果简直不要太好看了,1
挺好的没有什么不满意的服务态度也好好好好好好好好好好好,1
罗福情服务周到亲切哈哈哈优衣库的全棉中裤不要太好看哈哈百搭喜欢爱了,1
我对服务员的服务和态度都满意没有令我不满意的员工进入优衣库店是一次愉快的购物体验,1
对于我们顾客来说特别在意服务员的态度可是优衣库从来不让我们失望必须好评,1
非常满意 没有一点不满意 太棒了 何俏霖,1
给员工尹欢一个好评刷卡机不是很好使收银员尹欢一直在跟我说不好意思态度还是挺好的谢谢,1
试衣间小姑娘很热情也很细心会贴心的帮我把购物框拎进试衣间里还帮我拉上帘子这样的服务态度谁不爱呀,1
非常好非常满意总来这家店离得近来了感觉也舒适开心不开心都来逛逛,1
给家里人买的衣服只和导购说身高体重给推荐的尺码正正好不用调换很棒收银员买单很亲切有礼貌弄的我都不太好意思了,1
收银很亲切也很有礼貌询问我是否有会员还给我说了最近的优惠活动态度不得不点赞呢,1
优衣库的联名款简直不要太好看 很喜欢优衣库的衣服 面料极度舒适孙莹盛的服务态度很好,1
服务态度都很好 衣服质量 也都很好 不满意还可以退换货 很喜欢 还会再次光临优衣库,1
不得不赞叹优衣库的客流量荟聚周年庆优惠多多,1
还可以免费改裤长很赞买的的裤子服务员也没有表现出不耐心很舒心的一次购物,1
郝娇 服务十分周到 半点不存在没耐心或者令人不舒服的表现 使我对整家店留下的印象都特别好 如果有机会会多来的,1
陈晓敏人非常好服务态度一流没什么可以吐槽的,1
廖美洁这位员工服务态度真的非常好 在优衣库这么久了 真的第一次遇到这么有耐心的员工必须反馈,1
工作人员态度非常好 有什么不满意的地方都能收到她们满意的回复 希望优衣库可以越来越优秀,1
服务还可以差不多没有不满意哪个员工不满意我也懒得记她名字,1
王克服务很好很有耐心的服务我都不太好意思麻烦了,1
没有不满意的员工店员张静挺好的帮忙推荐搭配,1
优衣库的服务没得说店员对我太尊敬了让我体验了单身贵族的快乐一个人买衣服也不觉得孤单给我提意见好不好看,1
今天早上结账的时候收银员的态度非常好我把衣服换来换去也没有态度不好,1
在二楼挑选男装的时候 没想到小哥哥哥们也这么有耐心 帮我找衣服的合适尺码 赞,1
最满意优衣库的服务态度啦 没有遇到过不愉快 希望继续保持哦,1
没有令我不满意的员工姓名哦哦哦,1
都挺好的下班再来看看有没有喜欢的,1
邓春玲非常满意原本只是看看优衣库有没有新的系列有是有不过不怎么喜欢然后入口的那个小姐姐非常热情搞得我都不好意思了就选了一件还可以的下次有新品了还去找她点赞为优衣库的服务点赞,1
店员在修改裤长的时候再三叮嘱我确定好尺寸并且告诉我不满意可以重改很负责,1
服务很好周六很忙都那么有耐心责任心很大喜欢,1
服务很好更棒试衣间的导购员也很耐心的给我推荐尺码告诉我穿这个好看不好看很棒,1
这服务简直不要太好真是一次愉快的购物体验,1
去退货买回去发现自己不太喜欢就找了前台服务态度非常好没有因为退货而怠慢还会再次过来买衣服,1
每隔几天都要来逛一下看看上新的衣服有没有喜欢的店里的员工都非常热情很喜欢那位牛文静小姐姐的热情服务,1
韩泽群   服务态度非常好看他手里抱了一堆衣服我有点不太好意思叫他帮我找衣服没想到他主动过来了问我是不是需要帮助嘿嘿真的很感谢啦我很满意,1
相对于服装品牌优衣库还是首选服装摆放整齐一眼就能让人看见自己喜不喜欢这件衣服这种感觉很好,1
有的时候虽然试了很多衣服但是上身不太好看没有购买希望代购小姐姐们可以谅解不要让客人尴尬,1
其实那天去优衣库心情有点不好出去随便逛逛走着就到了优衣库进门的时候就有可爱的小姐姐跟我说欢迎光临这让我感到很温暖她很贴心地为我引导耐心地回答我的问题她的笑容很治愈啊我问了她发现她和我年龄差不多是一个兼职的女孩看了工牌名字叫张蕊很感谢遇到她,1
刘雪的收银服务态度很好非常细心的把我的衣服放在包装袋里而且也没有觉得我买的衣服多有不耐心很好,1
衣服不要太好啦 前台小姑娘帮我找衣服 找尺码 帮我省钱 帮我下单 真是优秀了,1
今天特意来买衣服一直觉得不太好搭问了店员有没有适合自己的没想到姓邢的店员给我推荐了一身还给爸妈搭配了还推荐我领券很为顾客着想今天还加入会员她说以后买东西很方便还能送我优惠券真正的路转粉了以后就来西市这个优衣库买,1
不好意思之前的非常不满意是我点错了以为是非常满意哭哭,1
这个订单是以前的服务员说给做个好评就用这个评了服务还挺热情的就是看着他好像在整理衣服不太好意思打扰我叫了他一下就放下手里的衣服过来帮我找衣服了叫张洪增很满意,1
没有不足没有什么不满意的都很满意,1
非常满意没啥不好的继续加油越做越好加油加油加油加油,1
能免费修改裤长简直不要太棒服务周到热情,1
现在优衣库做的这么好了啊惊讶服务态度不要太好了吧  买优衣库的衣服买它买它买它,1
都挺好的没有什么不满意的不过希望试衣间能有一个男女的标志,1
优衣库的服务简直不要太好了吧这么温柔的帮我拿衣服,1
丁湘茹小姐姐服务很棒一直微笑我试了很多件衣服也没有表示不开心我都有点不好意思了嘻嘻很谢谢她帮我拿衣服期待下次再来,1
沒有色差設計也是很細緻真的從來就沒有讓人失望過很開心買到喜歡的衣服前台服務非常滿意\沒有色差设计也是很细致真的从来就没有让人失望过很开心买到喜欢的衣服前台服务非常满意,1
我喜欢乐松优衣库呦 喜欢你们的服务态度不要太好啦很好很满意,1
没有不满意的地方都很好啊,1
喜欢百盛优衣库满满的青春活力 来一趟 不开心也会变得开心,1
服务很好退换货也很快没有一点的不耐心所以很喜欢来黄静妹子很赞,1
疯狂点赞前台那个叫做沈楚珊的漂亮小姐姐   服务态度超级好   今天的不高兴全没了   完美的一次购物,1
服务人员提供的服务和应对非常满意 没有令我不满意的地方 希望以后优衣库可以越来越好,1
员工赵英乐小姐姐性格特别好有什么优惠的衣服都给我推荐搭配觉得优衣库封衣服还是挺实惠的而且质量还挺好主要是赵英乐的服务态度特别好不买优衣库的衣服都有点不太好意思了,1
优衣库东西特别好在优衣库买了这么多次衣服没有一次是失望的,1
收银小哥哥真滴帅到不行好不好,1
都还行态度服务到位未遇到不好的服务人员,1
郝世政很热情的帮我找衣服感觉棒棒的优衣库的衣服又好服务又周到谁会不喜欢呢,1
服务态度好款式多样能及时处理顾客的需求试衣间较少无其他不满意,1
这家服务非常好很有耐心没有因为退货而不高兴别人家就不一定了,1
服务人员提供的服务和应对非常满意 没有令我不满意的地方 以后购物都会来吉林欧亚强度优衣库,1
店里的有个很可爱的小姐姐问我要多大尺码还一直帮我搭配衣服服务简直不要太好,1
不合适的可以随时退换真的很好不喜欢不要了店员也是非常有礼貌的接待,1
二楼的小姐姐服务态度超好一直在帮我找衣服我都不太好意思了总之就是很好啦,1
工作人员热心负责店铺干净整洁款式新颖多样这样的优衣库怎么能不让人喜欢,1
挺好的没有不满意的地方还会支持优衣库,1
盛子燕小姐姐简直不要太棒了太棒了导致我加了微信下次一定还来,1
优衣库真的是没有能让人说出不好的地方,1
我经常来这家店铺逛下班都会路过就进来看看有没有喜欢的新品或者折扣比较大的哈哈,1
你们家的内个网眼防晒颜色多防晒效果好不好等着夏天看看吧,1
优衣库系列恤真的非常棒呀服务员小姐姐谭亚服务非常热情周到联名恤简直不要太棒了,1
优衣库前台小姐姐真的好温柔呀 还这么有耐心 喜欢你,1
挺好的都挺满意的并没有什么不满意的加油保持,1
住在这附近所以没事的时候会来逛逛看看有没有喜欢的服务员服务态度老好了叫什么名字来着孙店员吧具体的不记得了,1
没有什么不满意的 挺好的挺好的挺好的挺好的挺好的挺好的挺好的挺好的挺好的,1
每次都来不要太棒服务态度超级好非常棒,1
服务人员提供的服务和应对非常满意 没有令我不满意的员工 以后购物都会来吉林欧亚优衣库,1
已经是老顾客了经常在这里买衣服今年的恤简直不要太棒了满意,1
前台换货的服务态度很好哦没有想象中的冷淡和嫌弃,1
优衣库的服务真的非常好啦每次都会特别客气的说不好意思您久等了我都不太好意思啦,1
经常逛你们店东西好服务态度也很好不得不表扬你们销售黄丹美女服务态度认真热情值得表扬,1
服务员张欣欣很热情在我纠结不知道挑选那件的时候没有一点不耐心很亲和,1
试衣间的工作人员很好试完一大堆衣服还给她了也没有像其他店铺那样不高兴挺好的,1
陈雯佳态度很好没有因为退货就露出一点点不满意的神情,1
都很好 服务态度良好 购物过程愉悦 试衣间井然有序无插队等不好的现象,1
没有其他不满意的地方整体感觉很好,1
陈钊这个员工很诚恳啊 衣服的特性全给我介绍了一遍 好的不好的都说了 让我更好的选择我要的商品了,1
哇来到了这里还有什么不满意的地方衣服舒适柔软,1
想要试的衣服比较多有些不太好意思有一位男性员工态度非常好看到我拿的衣服比较多主动过来帮我拿折衣服时也没有不耐烦看了一下他的名牌好像叫侯傅显购物过程整体十分满意,1
哈哈哈哈哈哈开心  为入职准备衣服  发现我似乎打开了优衣库的一个新世界  九分裤简直不要太棒  收银台的小姐姐也太好了吧 各种给我介绍  扫码看优惠再下单 到店取优惠多多哟  猴开森啦  好评百分百,1
店员很热情啊逛街的人很多但是也没有服务不周到衣服也很漂亮很喜欢,1
上了好多新款买了长袖的花式衬衣面料特别好搭牛仔裤不要太好看,1
优衣库防晒衣超级棒   买来送给麻麻简直不要太棒嘻嘻,1
服务员的态度真是好  不管说什么都是那么有耐心 好评,1
有个叫王丹的小姐姐人美声甜服务周到简直不要太棒,1
很喜欢这里的服务态度没有一点不耐心的感觉,1
还行挺好的没什么不满意的还会再来逛逛,1
服务员何伟康服务态度很好挺热情的我看他推着个车子我以为有我想要的衣服就随意的翻了翻不小心翻乱了也没见他生气或者态度不好搞的自己很不好意思给他的服务和态度好评,1
范家欢在卖场给我推荐了好多穿搭怎么有这么可爱的人儿  哈哈哈,1
服务人员提供的服务和应对非常满意 没有令我不满意的员工 以后都会来优衣库,1
阳光帅气的小伙周虎跃服务周到很舒适没有什么不满意的地方赞一个,1
优衣库丹尼斯大卫城店处理事情速度很快不会因为退换货而懈怠表扬,1
修改裤长很好 改了两次我一开始不是很满意但是有点不好意思说 试衣间叫孟佳慧的女生看出来了问我要不要再改 很体贴,1
服务人员提供的服务和应对非常满意 没有令我不满意的地方 衣服穿起来非常舒服以后会多多购买,1
又来了又来了哈哈哈哈哈哈又来逛衣服咯郭文静服务真的很棒尤其是选择困难晚期推荐搭配的衣服简直不要太好看这次又买到喜欢的衣服心花怒放啊哈哈哈哈哈哈哈哈,1
前台收银员的服务不要太好全程微信点头感觉是来优衣库体验热情的服务来了给优衣库点赞,1
⊙∀⊙哇不要太赞哦试衣间有位叫庄子迪的小姐姐人很温柔很好哦,1
每次休息的时候都会过来优衣库逛逛看看有什么适合自己的而且降价的商品每次都不会令人失望,1
石盛宇买单速度还可以不算太慢,1
员工子鹏先生很好的帮助我谢谢他告诉我可以不满意就退换货,1
这个商场位置很好平时没事都会来逛逛服务员的工作态度很好工作效率也很到位在试衣间出来没选到合适的也不会有人遭白眼,1
有个姐姐穿黑色衣服人很好告诉我加入会员可以投票可以什么体验衣服还抽奖然后让我给她评价我觉得挺有意思的这么有耐心的人现在很少,1
陈洪福这个服务态度简直不要太好呀十星好评,1
哇塞 管沁小姐姐的服务简直不要太好 总是面带笑容为我服务 让我如沐春风 心情也变得大好 希望下次还能受到管沁小姐姐的服务呢,1
吵架满意啦还用说的吗这么好的态度都不满意,1
不是在京华城优衣库买的裤子都可以过来修改而且服务员没有因为没在他们家买不开心还是很热心的接待了我很感动,1
崔晓的服务真的太棒啦我今天很开心没想到优衣库还有这么有耐心有活力的小姑娘下次还会回购的,1
符慧莹对这个姑娘的服务态度实在是满意很久没有这么愉快的购物经历服务态度和能力令我映像很深刻也是个漂亮活泼的女孩子我很喜欢,1
今天又一次入店了员工态度还是那么好那么有耐心,1
罗威杰小哥哥简直不要太好服务热情 有问必答 优衣库爱死你了,1
此次主要想买一件特薄的短袖 以前在优衣库买过 想回购 但是发现现在没有人很失望,1
店员李克旭服务态度非常好非常感谢他对我这么麻烦的人还这么有耐心,1
这次去店里是退衣服的员工也是热情的接待完全没有因为是退货而感到烦躁都是笑着接待的,1
优衣库小哥哥小姐姐服务态度真的不要太好啊真的是好喜欢,1
挺好的自主购物不会让顾客有不愉快的心情,1
去买衣服看了好几家店最后决定要优衣库的很棒试了很多次员工素质很高没有一点不开心一直都在帮忙推荐是一个不高的女生,1
满意热情接待消费人员迅速的服务没有什么可以吐槽的完美,1
经常来优衣库马一川服务很好没遇到不好的店员,1
都很满意没啥不满意的啥都满意全都非常满意就是非常满意,1
小姐姐看我是孕妇 超级热心的帮我找合适的号码 还跟我推荐哪一款的颜色耐看 购物体验不要太棒  孕妇的小情绪十分高涨,1
非常满意非常好合作款简直不要太棒前台小姐姐服务很好以后常来,1
很满意的一次购物今天给老公买了很多衣服她一直很喜欢这个牌子优衣库一直没有让我们失望过我们一直喜欢一直支持也会期待他未来的发展,1
马一川服务很好店铺没有特别不满意的地方非常喜欢会再来的,1
自提很快的一下子就搞好了换码数也超级快我现在才知道颜色码数不喜欢还可以当场换,1
门店干净整洁员工服务态度不要太好很牛很牛,1
满意就完事儿了不存在不满意的,1
很满意啊啊啊啊很满意没有不满意的没有不满意的,1
试衣间服务的特别好告诉我牛仔裤设计款最好不要裁不然不好看回家一看确实设计的很独特,1
我和你们说优衣库的态度真的是不要太好裤脚修改了不要太完美而且衣服的质量也特别好价格还便宜,1
优衣库服务态度不要太好脚破了一个叫万敏的小姑凉还主动用药酒给我消毒以后买衣服都来优衣库买衣服给优衣库点赞,1
快关门才去的服务态度不要太好很贴心,1
收银前台整理的非常干净整洁给人一种很舒适的感觉很享受在这里的购物体验真的不要太好了,1
真的非常满意从来都没有这么开心的购物过每个服务人员语气都很温柔很周到爱上了,1
今天下午点去店里逛衣服挑了很久各个款都看了一下也试了几件店里导购李卉还挺好的特别有耐心的带我和朋友看衣服服务态度很好从来没有遇到过这么有耐心有礼貌的导购小姐姐挺开心的,1
卖场的小哥哥 小姐姐态度非常好 需要的衣服也帮我找 尤其师楚楚跟一个姓何的小姐姐 态度简直不要太好哦 炒鸡开心,1
新款暴雪恤简直不要太喜欢超喜欢李洁同学给我推荐的伊娃白特喜欢服务环境简直不要太好,1
每天都喜欢来逛一下优衣库不喜欢还可以退谢谢解亚宁帮我退换货谢谢啦表扬,1
服务很热情 给老公挑选了一条短裤 服务人员很热情的给解释 天内不满意可退可换 一直喜欢逛优衣库  对服务人员朱达很满意,1
那么多的人还那么有耐心 真的想给个赞哈哈哈哈哈,1
优衣库家的简直不要太好看期待柯南系列哈哈,1
不小心把饮料撒了一地收银员小姐暖心的帮我们拖地态度很好没有一点不高兴谢谢这个收银小姐姐,1
许培培服务态度特别好很有耐心大赞赞赞赞非常满意优衣库从来都不会让我们失望,1
今天下午去看的新品   深得我心有个在贴东西的小姐姐服务简直不要太好正好她在旁边就问了她小姐姐简直对商品了如指掌我想要的都帮我找到了满分,1
曾志谦 本来和朋友奔着联名去的结果还没上市白跑一趟导购员太热情不太好意思不买拿了两件特价恤下次再来看,1
服务态度非常好成鑫服务到位点赞优衣库始终不会让大家失望,1
敏义简直不要太棒了在前台收银同时一直给我推荐网上优惠语言骚气又有活力,1
前台速度挺快的排队的时候也没觉着时间过得很慢服务也很礼貌,1
没有令我不满意的员工都挺好的我喜欢优衣库和优衣库的衣服,1
服务人员提供的服务和应对非常满意 店铺整洁干净服务热情耐心没有让我感到不好的地方以后回来来欧亚强度优衣库服务人员提供的服务和应对非常满意 店铺整洁干净服务热情耐心没有让我感到不好的地方以后回来来欧亚强度优衣库,1
态度好服务周到挺贴心的现在的导购都让人不得不爱了吗,1
找不出什么借口和理由不爱优衣库我的心头肉,1
去到店铺以后发现衣服比较全试穿衣服以后发现也挺美的服务员的态度也很好一直的对我笑弄得我都不太好意思了,1
怎么会在服装卖场遇到一个这么有耐心的小哥哥尽管我不停地问问题都没有一丝不耐烦的神色要是换了我自己的话可能都做不到陈鹏小哥哥给你点赞么么哒,1
前台裁剪裤腿服务周到收银小哥耐心地告知时间改好了还问了满不满意,1
过德小哥哥的服务态度简直不要太好我很满意正大广场优衣库也很棒下次还会再来,1
服务态度好店铺环境优美没有任何的不满意很开心,1
很久没有这么开心了优衣库的店员服务真好一定多来光顾,1
今天在优衣库待的很久因为想买多些可以搭配的衣服店员南方瑜细心的询问我平常的衣服款式颜色帮我搭配现有的衣服并告诉我如果不满意天内可以退换我回去再搭配发现真的非标合适非常感谢,1
范家欢在卖场帮我推荐了好多商品怎么有这么可爱的人儿  哈哈哈,1
一个人来逛街买衣服去试衣间问好不好看员工给的评价很中肯 态度很好,1
范家欢在收银台给我推荐的会员还让我帮她做好评怎么有这么可爱的人儿  哈哈哈,1
优衣库的服务态度也太好了吧服务员都这么有耐心就喜欢来这个店,1
每天来转转不点个赞都对不起服务员陈桑态度棒棒哒,1
好开心呀  没有什么不满意的地方 下次还会继续支持的,1
在优衣库买商品没有一次失望过的今天买了两条裤子才优衣库真的是物美价廉大爱,1
今天下午去逛优衣库有个小哥哥在试衣间特别有耐心特别温柔还会告诉我穿搭和尺码的问题看了一眼他的工牌叫什么亮真的特别好也喜欢上了这家店铺以前去别家店铺都没有这么有耐心的员工呢,1
店铺很宽敞商品的种类有点少但是购物体验非常好员工不要太好,1
真的要给好评我之前去退货服务态度真的太好了没有一点不高兴还全程都在笑,1
冯烁退货态度特别好没有一点不开心相反车热情,1
没有什么感觉到不满意的地方以后多多关注 黑黑,1
在优衣库购买了这么多东西没有一次是失望的,1
岳杰美女导购简直不要太好,1
服务的小哥哥还是小姐姐真的都很帅很美很温柔嘻嘻还会帮你参考你穿得好不好看真的很开心啦⊙▽⊙,1
优衣库民生店环境很好 店铺不大 井井有条 也没有衣服乱七八糟的感觉 试衣间的王钰萱也很热情的小姑娘,1
没有任何不满意很满意非常满意今天逛街很开心谢谢店员王卓凡很满意,1
来的次数太多了 买的也太多了不一一说了 来这么多次就说明了好不好 店员热不热情,1
今天特地为了海贼王过来的 果然没让我看失望 好喜欢海贼王的衣服啊啊啊啊 期待下次的联名,1
很满意很满意李康威不满意无,1
态度很好最重要可以一个月无条件退换货退货时候没有也没有一点不开心还是很热情的接待开心,1
逛了很长时间也没有表现出不耐心 推荐的也很合适 满意,1
并没有不满意呀我刚进店铺就有营业员笑着跟我打招呼很亲切很温暖了,1
简直不要太棒很满意哈哈哈哈哈哈爱了爱了,1
有个叫陈琳的员工也太棒了吧我说要求那么多她还那么有耐心的服务我真是一个好员工,1
好喜欢优衣库的衣服呀质量不要太好哦点个赞,1
杨雪萍工作很认真负责感谢那么有耐心的接待了我那么久都有点不好意思最后还是买到了心仪的商品感谢,1
黄淑婷秦雯妍张婷都很不错服务态度简直不要太好,1
优衣库从来都没令我失望过衣服又便宜又实惠员工汤俊服务态度很好以后常来,1
今天在试衣服的时候刘召菲小姑娘很耐心的给我推荐度衣服尺码和颜色把他的很多的衣服都弄乱了不太好意思谢谢她的帮助,1
满意满意十分满意真的太好了服务太棒了简直不要太好的特别好,1
我喜欢乐松优衣库呦 喜欢你们的服务态度不要太好啦帮我找衣服很及时,1
我买的衣服有不合适或者是不喜欢的还可以一个月来退换我觉得这一点优衣库比较人性化服务员的服务态度也是很好好赞,1
非常满意的没有不满意的员工,1
衣服质量都很好目前没有不满意的地方以后还会再来光顾,1
买的裤子不合适退货很痛快再也不用担心爸妈不喜欢退货无忧,1
非常满意没啥不满意的都挺好服务态度好,1
在优衣库买了十几次东西了没有一次让我失望的不管是衣服还是服务都是很棒的,1
在那么繁忙的情况下 工作人员还能这么有耐心有礼貌真的太赞了,1
感觉优衣库的服务员都好亲切 每次过来都很舒心的感觉给人一种家的温暖他们的衣服叠的好整齐都不好不意思打开,1
非常感谢你在这么热的天气还能这么有耐心王怡,1
我对服务人员的服务感到满意一进去就有人跟我亲切的问好然后我就自己逛着逛着 看看有没有什么喜欢的衣服有问题的时候我也会问都能得到解决感到满意,1
我对服务人员提供的服务和应对相当满意没有令我不满意的的员工因此没有具体事例谢谢,1
购物体验非常好没有让我不满意的人或物以后没事就来优衣库买衣服,1
优衣库服装的质量非常好不满意可以随时退换货非常便利,1
满意 没啥不满意的,1
店铺人员服务热情周到没有任何不满意穿藏蓝色卫衣牛仔裤的小姐姐很热情细心的找商品优衣库的服务很热情就是服务人员比较少,1
不用再评价了嘛家附近的最大的旗舰店成天来逛的不满意就不会来了啦,1
黄钰清微笑很好积极的接待我还会帮我看衣服穿上去好不好看合不合身让我很高兴很满意棒棒哒,1
质量很好朋友很喜欢简直不要太好看啊哈哈哈哈哈哈哈哈哈,1
商 试衣间的服务很好我试了很多次一件都没买都没有看见试衣间的服务人员态度不好环境很好会再去的,1
有个叫明月的小姑娘很好现在这么有耐心的小姑娘不多了教我尽会员领优惠券省钱还带我和老头去试衣服让我想起了自己旳小孙女,1
给妹妹买衣服有点纠结不知道她喜不喜欢在收银台询问的时候店员告诉我可以退换让我没有顾虑,1
一直都在优衣库买衣服一直也很相信优衣库衣服的质量特别是最近那个柔软衣简直不要太好穿好吧,1
我对优衣库金鹰购物广场店员工提供的服务非常满意尤其是肖婷这位员工服务非常周到非常有礼貌现在暂时还没有令我不满意服务希望以后也不会有,1
来买东西很方便快捷服务人员礼貌周到没什么不满意的地方,1
优衣库的服务从来没有令人失望过每次去的时候都感觉如沐春风今天去优衣库买衣服在试衣间是陈媛媛接待我的她很耐心也为我提供了合适的意见我也买到自己喜欢的衣服,1
目前没有不满意的地方各方面都很好,1
领着女朋友来买点春夏衣服她看上了一个裙子女朋友身材跟一个叫马珂的店员差不多她推荐了一个非常合适的尺码省去了很多试穿的时间简直不能太赞哈哈,1
不是对服务的不满意是月的大热天去逛优衣库夏装都没了全部上了秋款甚至还有冬款棉背心真的很难理解优衣库这种做法,1
很感谢贺巧丽小姐姐给我妈妈搭的两套衣服我妈妈都挺喜欢的挑选完以后还会提醒我要是码数不合适或者不喜欢可以进行退换服务很贴心的小姐姐,1
非常满意在武汉的时候人太多没有感受到小姐姐的热情服务还是我的大襄阳好特别是柜台结账的小姐姐简直不要太棒帮我省了二三十真是太感谢啦,1
非常满意非常满意没有什么不满意的都挺好的加油继续保持,1
员工服务态度很好微笑很开心店里空调很凉快今天购物很开心前台还帮我的宝宝扔了垃圾谢谢啦,1
服务员工姓名刘丹妮今天下午进店购物服务人员刘丹妮首先对她的服务态度以及服务形象给予好评服务态度很热情人也很随和不管我提出什么要求或者什么不满意的地方她都能认真的帮我解决使我这次的购物得到了满意的物品也收获了好的心情对本店的服务非常满意,1
高大的衣服简直不要太好看 导购也超级热情的服务,1
何欣涛讲话很慢很温柔帮我找商品也很仔细很满意,1
对我这老人家这么有耐心真的难得的体验下次买衣服还来这里,1
将微笑服务体现的淋漓尽致谁不喜欢笑脸呢给店员点赞加油加油,1
彭超  哇哦 服务态度真的不要太好 我好喜欢她 啊啊啊啊,1
店铺非常多款式还有优惠券领取简直不要太好下次会继续过来优衣库买衣服店员也很好会帮忙搭配,1
